sub_region_2,date,retail_and_recreation_percent_change_from_baseline,grocery_and_pharmacy_percent_change_from_baseline,parks_percent_change_from_baseline,transit_stations_percent_change_from_baseline,workplaces_percent_change_from_baseline,residential_percent_change_from_baseline
Bristol County,2020-02-15,0.0,-25.0,,,0.0,
Bristol County,2020-02-16,5.0,-24.0,,,6.0,
Bristol County,2020-02-17,13.0,-18.0,,,-40.0,9.0
Bristol County,2020-02-18,1.0,-20.0,,,-15.0,3.0
Bristol County,2020-02-19,5.0,-25.0,,,-7.0,1.0
Bristol County,2020-02-20,5.0,-21.0,,,-7.0,2.0
Bristol County,2020-02-21,5.0,-14.0,,,-7.0,2.0
Bristol County,2020-02-22,12.0,-18.0,,,3.0,
Bristol County,2020-02-23,23.0,-14.0,,,10.0,
Bristol County,2020-02-24,10.0,-16.0,,,5.0,-1.0
Bristol County,2020-02-25,4.0,-12.0,,,2.0,0.0
Bristol County,2020-02-26,6.0,-17.0,,,3.0,-1.0
Bristol County,2020-02-27,2.0,-12.0,,,3.0,0.0
Bristol County,2020-02-28,1.0,-12.0,,,6.0,-1.0
Bristol County,2020-02-29,9.0,-16.0,,,2.0,
Bristol County,2020-03-01,11.0,-12.0,,,7.0,
Bristol County,2020-03-02,10.0,-13.0,,,2.0,0.0
Bristol County,2020-03-03,10.0,-6.0,,,-1.0,0.0
Bristol County,2020-03-04,8.0,-18.0,,,0.0,0.0
Bristol County,2020-03-05,7.0,-9.0,,,2.0,0.0
Bristol County,2020-03-06,0.0,-18.0,,,3.0,0.0
Bristol County,2020-03-07,3.0,-22.0,,,1.0,
Bristol County,2020-03-08,11.0,-21.0,,,7.0,
Bristol County,2020-03-09,20.0,-14.0,,,-4.0,1.0
Bristol County,2020-03-10,9.0,-10.0,,,-5.0,1.0
Bristol County,2020-03-11,6.0,-15.0,,,-2.0,1.0
Bristol County,2020-03-12,11.0,2.0,,,-3.0,2.0
Bristol County,2020-03-13,4.0,14.0,,,-4.0,5.0
Bristol County,2020-03-14,-1.0,-1.0,,,0.0,
Bristol County,2020-03-15,-8.0,-12.0,,,-7.0,
Bristol County,2020-03-16,-4.0,5.0,,,-27.0,11.0
Bristol County,2020-03-17,-34.0,-4.0,,,-37.0,18.0
Bristol County,2020-03-18,-29.0,-6.0,,,-38.0,16.0
Bristol County,2020-03-19,-39.0,-8.0,,,-42.0,20.0
Bristol County,2020-03-20,-35.0,-5.0,,,-40.0,20.0
Bristol County,2020-03-21,-38.0,-12.0,,,-25.0,
Bristol County,2020-03-22,-41.0,-29.0,,,-27.0,
Bristol County,2020-03-23,-42.0,-23.0,,,-46.0,
Bristol County,2020-03-24,-41.0,-18.0,,,-50.0,22.0
Bristol County,2020-03-25,-48.0,-25.0,,,-51.0,
Bristol County,2020-03-26,-39.0,-16.0,,,-50.0,
Bristol County,2020-03-27,-38.0,-17.0,,,-48.0,
Bristol County,2020-03-28,-46.0,-22.0,,,-36.0,
Bristol County,2020-03-29,-61.0,-45.0,,,-37.0,
Bristol County,2020-03-30,-43.0,-30.0,,,-52.0,
Bristol County,2020-03-31,-42.0,-20.0,,,-53.0,
Bristol County,2020-04-01,-45.0,-22.0,,,-51.0,
Bristol County,2020-04-02,-50.0,-19.0,,,-55.0,
Bristol County,2020-04-03,-54.0,-24.0,,,-53.0,
Bristol County,2020-04-04,-53.0,-22.0,,,-39.0,
Bristol County,2020-04-05,-50.0,-36.0,,,-34.0,
Bristol County,2020-04-06,,,,,-54.0,
Bristol County,2020-04-07,,,,,-56.0,
Bristol County,2020-04-08,,,,,-55.0,
Bristol County,2020-04-09,,,,,-57.0,
Bristol County,2020-04-10,-45.0,,,,-55.0,
Bristol County,2020-04-11,-47.0,,,,-39.0,
Bristol County,2020-04-12,,-48.0,,,-38.0,
Bristol County,2020-04-13,,-40.0,,,-56.0,
Bristol County,2020-04-14,,,,,-54.0,
Bristol County,2020-04-15,,-13.0,,,-52.0,
Bristol County,2020-04-16,,,,,-52.0,
Bristol County,2020-04-17,-43.0,-13.0,,,-49.0,
Bristol County,2020-04-18,-58.0,-30.0,,,-35.0,
Bristol County,2020-04-19,,-23.0,,,-27.0,
Bristol County,2020-04-20,,-23.0,,,-53.0,
Bristol County,2020-04-21,,,,,-55.0,
Bristol County,2020-04-22,,-12.0,,,-51.0,
Bristol County,2020-04-23,,,,,-52.0,
Bristol County,2020-04-24,-50.0,-22.0,,,-49.0,
Bristol County,2020-04-25,-33.0,-11.0,,,-30.0,
Bristol County,2020-04-26,,-30.0,,,-34.0,
Bristol County,2020-04-27,,-24.0,,,-50.0,
Bristol County,2020-04-28,,,,,-52.0,16.0
Bristol County,2020-04-29,,-17.0,,,-50.0,
Bristol County,2020-04-30,,,,,-52.0,
Bristol County,2020-05-01,-38.0,-4.0,,,-49.0,
Bristol County,2020-05-02,-30.0,-3.0,,,-25.0,
Bristol County,2020-05-03,,-16.0,,,-24.0,
Bristol County,2020-05-04,,-11.0,,,-49.0,
Bristol County,2020-05-05,,,,,-52.0,
Bristol County,2020-05-06,,-15.0,,,-50.0,
Bristol County,2020-05-07,,,,,-49.0,
Bristol County,2020-05-08,-34.0,-8.0,,,-46.0,
Bristol County,2020-05-09,-31.0,14.0,,,-31.0,
Bristol County,2020-05-10,,2.0,,,-20.0,
Bristol County,2020-05-11,,-21.0,,,-49.0,
Bristol County,2020-05-12,,,,,-48.0,20.0
Bristol County,2020-05-13,,-9.0,,,-48.0,19.0
Bristol County,2020-05-14,-17.0,-5.0,,,-49.0,16.0
Bristol County,2020-05-15,-22.0,-1.0,,,-48.0,
Bristol County,2020-05-16,-18.0,-6.0,,,-25.0,
Bristol County,2020-05-17,-14.0,-11.0,,,-16.0,
Bristol County,2020-05-18,-18.0,-15.0,,,-45.0,17.0
Bristol County,2020-05-19,-20.0,0.0,,,-48.0,18.0
Bristol County,2020-05-20,-10.0,-2.0,,,-46.0,17.0
Bristol County,2020-05-21,-16.0,0.0,,,-46.0,17.0
Bristol County,2020-05-22,-10.0,13.0,,,-45.0,
Bristol County,2020-05-23,-31.0,-3.0,,,-28.0,
Bristol County,2020-05-24,7.0,1.0,,,-13.0,
Bristol County,2020-05-25,-18.0,-9.0,,,-78.0,
Bristol County,2020-05-26,-15.0,1.0,,,-48.0,17.0
Bristol County,2020-05-27,-8.0,,,,-43.0,17.0
Bristol County,2020-05-28,-21.0,-4.0,,,-44.0,18.0
Bristol County,2020-05-29,-20.0,0.0,,,-41.0,20.0
Bristol County,2020-05-30,-7.0,2.0,,,-10.0,
Bristol County,2020-05-31,10.0,-3.0,,,1.0,
Bristol County,2020-06-01,5.0,-2.0,,,-42.0,15.0
Bristol County,2020-06-02,0.0,-1.0,,,-42.0,16.0
Bristol County,2020-06-03,-4.0,-1.0,,,-41.0,15.0
Bristol County,2020-06-04,1.0,-2.0,,,-41.0,14.0
Bristol County,2020-06-05,-5.0,2.0,,,-39.0,17.0
Bristol County,2020-06-06,0.0,-7.0,,,-10.0,
Bristol County,2020-06-07,5.0,-5.0,,,-5.0,
Bristol County,2020-06-08,6.0,-8.0,,,-39.0,12.0
Bristol County,2020-06-09,-3.0,-2.0,,,-41.0,14.0
Bristol County,2020-06-10,3.0,,,,-40.0,14.0
Bristol County,2020-06-11,-14.0,-8.0,,,-41.0,17.0
Bristol County,2020-06-12,7.0,8.0,,,-38.0,13.0
Bristol County,2020-06-13,10.0,7.0,,,-6.0,
Bristol County,2020-06-14,26.0,5.0,,,8.0,
Bristol County,2020-06-15,9.0,-3.0,,,-39.0,12.0
Bristol County,2020-06-16,6.0,15.0,,,-41.0,13.0
Bristol County,2020-06-17,7.0,-2.0,,,-42.0,12.0
Bristol County,2020-06-18,8.0,5.0,,,-39.0,12.0
Bristol County,2020-06-19,4.0,9.0,,,-38.0,11.0
Bristol County,2020-06-20,11.0,14.0,,,-10.0,
Bristol County,2020-06-21,26.0,12.0,,,-2.0,
Bristol County,2020-06-22,5.0,-9.0,,,-41.0,11.0
Bristol County,2020-06-23,6.0,4.0,,,-42.0,12.0
Bristol County,2020-06-24,4.0,,,,-39.0,12.0
Bristol County,2020-06-25,2.0,,,,-38.0,11.0
Bristol County,2020-06-26,3.0,3.0,,,-37.0,12.0
Bristol County,2020-06-27,-6.0,-5.0,,,-10.0,
Bristol County,2020-06-28,15.0,-4.0,,,6.0,
Bristol County,2020-06-29,0.0,-10.0,,,-41.0,13.0
Bristol County,2020-06-30,-2.0,-1.0,,,-42.0,14.0
Bristol County,2020-07-01,1.0,,,,-42.0,12.0
Bristol County,2020-07-02,22.0,,,,-43.0,9.0
Bristol County,2020-07-03,13.0,37.0,,,-59.0,
Bristol County,2020-07-04,-29.0,-13.0,,,-36.0,
Bristol County,2020-07-05,7.0,-10.0,,,-4.0,
Bristol County,2020-07-06,12.0,-8.0,,,-48.0,10.0
Bristol County,2020-07-07,8.0,4.0,,,-41.0,12.0
Bristol County,2020-07-08,7.0,,,,-39.0,10.0
Bristol County,2020-07-09,6.0,-2.0,,,-39.0,10.0
Bristol County,2020-07-10,-4.0,5.0,,,-39.0,13.0
Bristol County,2020-07-11,-1.0,0.0,,,-8.0,
Bristol County,2020-07-12,21.0,-5.0,,,7.0,
Bristol County,2020-07-13,5.0,-7.0,,,-40.0,10.0
Bristol County,2020-07-14,4.0,1.0,,,-40.0,12.0
Bristol County,2020-07-15,8.0,,,,-37.0,11.0
Bristol County,2020-07-16,10.0,,,,-35.0,9.0
Bristol County,2020-07-17,-4.0,-3.0,,,-39.0,11.0
Bristol County,2020-07-18,3.0,1.0,,,-3.0,
Bristol County,2020-07-19,11.0,-6.0,,,-1.0,
Bristol County,2020-07-20,6.0,-10.0,,,-40.0,10.0
Bristol County,2020-07-21,9.0,-1.0,,,-41.0,11.0
Bristol County,2020-07-22,3.0,-7.0,,,-39.0,11.0
Bristol County,2020-07-23,1.0,,,,-38.0,11.0
Bristol County,2020-07-24,4.0,5.0,,,-37.0,11.0
Bristol County,2020-07-25,11.0,-2.0,,,-10.0,
Bristol County,2020-07-26,16.0,-4.0,,,6.0,
Bristol County,2020-07-27,3.0,-11.0,,,-41.0,10.0
Kent County,2020-02-15,3.0,-1.0,6.0,3.0,-2.0,0.0
Kent County,2020-02-16,3.0,0.0,-9.0,6.0,3.0,-1.0
Kent County,2020-02-17,13.0,3.0,,-3.0,-30.0,7.0
Kent County,2020-02-18,1.0,-7.0,0.0,10.0,-11.0,3.0
Kent County,2020-02-19,4.0,1.0,8.0,7.0,-8.0,1.0
Kent County,2020-02-20,4.0,3.0,10.0,8.0,-5.0,1.0
Kent County,2020-02-21,1.0,-16.0,5.0,-2.0,-5.0,2.0
Kent County,2020-02-22,8.0,-16.0,75.0,3.0,0.0,-1.0
Kent County,2020-02-23,7.0,-9.0,103.0,4.0,4.0,-2.0
Kent County,2020-02-24,4.0,-12.0,,2.0,4.0,0.0
Kent County,2020-02-25,6.0,-13.0,32.0,8.0,2.0,0.0
Kent County,2020-02-26,9.0,-5.0,2.0,11.0,2.0,0.0
Kent County,2020-02-27,7.0,-8.0,10.0,10.0,2.0,0.0
Kent County,2020-02-28,6.0,-12.0,6.0,5.0,2.0,0.0
Kent County,2020-02-29,11.0,-14.0,29.0,10.0,3.0,-1.0
Kent County,2020-03-01,10.0,-2.0,-17.0,11.0,3.0,-1.0
Kent County,2020-03-02,7.0,-3.0,39.0,1.0,4.0,0.0
Kent County,2020-03-03,9.0,-8.0,,5.0,2.0,0.0
Kent County,2020-03-04,8.0,-5.0,21.0,1.0,1.0,0.0
Kent County,2020-03-05,7.0,-4.0,44.0,5.0,2.0,-1.0
Kent County,2020-03-06,2.0,-14.0,11.0,0.0,2.0,1.0
Kent County,2020-03-07,7.0,-14.0,24.0,-5.0,1.0,-1.0
Kent County,2020-03-08,9.0,-9.0,64.0,5.0,5.0,-1.0
Kent County,2020-03-09,9.0,-7.0,,-6.0,2.0,-1.0
Kent County,2020-03-10,10.0,-12.0,,-5.0,1.0,0.0
Kent County,2020-03-11,8.0,3.0,59.0,0.0,-1.0,0.0
Kent County,2020-03-12,8.0,35.0,31.0,-7.0,-1.0,1.0
Kent County,2020-03-13,-2.0,40.0,-2.0,-20.0,-5.0,4.0
Kent County,2020-03-14,-10.0,25.0,109.0,-17.0,-3.0,3.0
Kent County,2020-03-15,-16.0,9.0,78.0,-21.0,-5.0,4.0
Kent County,2020-03-16,-11.0,23.0,,-27.0,-21.0,9.0
Kent County,2020-03-17,-31.0,3.0,0.0,-26.0,-31.0,14.0
Kent County,2020-03-18,-30.0,4.0,,-35.0,-33.0,14.0
Kent County,2020-03-19,-36.0,9.0,-7.0,-50.0,-36.0,17.0
Kent County,2020-03-20,-34.0,17.0,,-49.0,-36.0,17.0
Kent County,2020-03-21,-38.0,2.0,,-49.0,-23.0,10.0
Kent County,2020-03-22,-44.0,-13.0,78.0,-54.0,-24.0,9.0
Kent County,2020-03-23,-45.0,-16.0,-2.0,-59.0,-40.0,18.0
Kent County,2020-03-24,-39.0,-14.0,,-56.0,-44.0,19.0
Kent County,2020-03-25,-43.0,-15.0,17.0,-58.0,-46.0,20.0
Kent County,2020-03-26,-38.0,1.0,,-59.0,-46.0,19.0
Kent County,2020-03-27,-41.0,-12.0,,-62.0,-45.0,21.0
Kent County,2020-03-28,-46.0,-13.0,,-63.0,-34.0,13.0
Kent County,2020-03-29,-57.0,-26.0,-44.0,-72.0,-36.0,13.0
Kent County,2020-03-30,-47.0,-26.0,23.0,-66.0,-46.0,20.0
Kent County,2020-03-31,-40.0,-22.0,,-61.0,-49.0,21.0
Kent County,2020-04-01,-42.0,-15.0,38.0,-62.0,-48.0,21.0
Kent County,2020-04-02,-44.0,-9.0,5.0,-65.0,-49.0,22.0
Kent County,2020-04-03,-49.0,-13.0,-49.0,-68.0,-49.0,25.0
Kent County,2020-04-04,-50.0,-15.0,34.0,-69.0,-36.0,14.0
Kent County,2020-04-05,-51.0,-24.0,2.0,-70.0,-36.0,12.0
Kent County,2020-04-06,-42.0,-19.0,,-66.0,-49.0,19.0
Kent County,2020-04-07,-39.0,-18.0,,-65.0,-51.0,21.0
Kent County,2020-04-08,-45.0,-15.0,-11.0,-66.0,-52.0,22.0
Kent County,2020-04-09,-49.0,-14.0,-36.0,-69.0,-52.0,24.0
Kent County,2020-04-10,-43.0,-5.0,8.0,-67.0,-53.0,24.0
Kent County,2020-04-11,-42.0,3.0,72.0,-69.0,-38.0,13.0
Kent County,2020-04-12,-67.0,-55.0,7.0,-76.0,-42.0,12.0
Kent County,2020-04-13,-59.0,-44.0,-53.0,-75.0,-53.0,24.0
Kent County,2020-04-14,-32.0,-18.0,,-64.0,-50.0,20.0
Kent County,2020-04-15,-34.0,-18.0,23.0,-66.0,-50.0,21.0
Kent County,2020-04-16,-35.0,-9.0,32.0,-66.0,-50.0,22.0
Kent County,2020-04-17,-37.0,-18.0,38.0,-67.0,-49.0,23.0
Kent County,2020-04-18,-52.0,-27.0,-42.0,-71.0,-38.0,16.0
Kent County,2020-04-19,-38.0,-24.0,73.0,-69.0,-33.0,10.0
Kent County,2020-04-20,-39.0,-24.0,39.0,-69.0,-49.0,20.0
Kent County,2020-04-21,-41.0,-26.0,-26.0,-69.0,-50.0,22.0
Kent County,2020-04-22,-36.0,-19.0,7.0,-65.0,-50.0,21.0
Kent County,2020-04-23,-34.0,-14.0,43.0,-67.0,-49.0,21.0
Kent County,2020-04-24,-44.0,-24.0,-28.0,-72.0,-49.0,25.0
Kent County,2020-04-25,-37.0,-20.0,,-60.0,-32.0,11.0
Kent County,2020-04-26,-48.0,-28.0,-37.0,-73.0,-34.0,12.0
Kent County,2020-04-27,-42.0,-27.0,-29.0,-71.0,-48.0,21.0
Kent County,2020-04-28,-30.0,-18.0,,-61.0,-49.0,14.0
Kent County,2020-04-29,-30.0,-18.0,82.0,-60.0,-48.0,19.0
Kent County,2020-04-30,-37.0,-9.0,-15.0,-64.0,-49.0,22.0
Kent County,2020-05-01,-36.0,-13.0,34.0,-63.0,-47.0,22.0
Kent County,2020-05-02,-31.0,-14.0,,-52.0,-30.0,10.0
Kent County,2020-05-03,-29.0,-15.0,119.0,-57.0,-26.0,7.0
Kent County,2020-05-04,-27.0,-17.0,,-64.0,-45.0,17.0
Kent County,2020-05-05,-20.0,-10.0,,-60.0,-46.0,18.0
Kent County,2020-05-06,-27.0,-13.0,36.0,-58.0,-47.0,19.0
Kent County,2020-05-07,-28.0,-6.0,,-57.0,-46.0,19.0
Kent County,2020-05-08,-35.0,-12.0,14.0,-59.0,-45.0,21.0
Kent County,2020-05-09,-32.0,0.0,24.0,-55.0,-31.0,12.0
Kent County,2020-05-10,-29.0,-8.0,50.0,-57.0,-22.0,6.0
Kent County,2020-05-11,-33.0,-24.0,23.0,-60.0,-43.0,18.0
Kent County,2020-05-12,-23.0,-14.0,63.0,-55.0,-45.0,17.0
Kent County,2020-05-13,-23.0,-11.0,83.0,-51.0,-45.0,17.0
Kent County,2020-05-14,-21.0,-8.0,,-53.0,-45.0,17.0
Kent County,2020-05-15,-27.0,-10.0,,-56.0,-44.0,18.0
Kent County,2020-05-16,-26.0,-12.0,,-53.0,-26.0,7.0
Kent County,2020-05-17,-23.0,-14.0,89.0,-53.0,-20.0,7.0
Kent County,2020-05-18,-24.0,-16.0,,-55.0,-42.0,16.0
Kent County,2020-05-19,-15.0,-11.0,,-51.0,-43.0,16.0
Kent County,2020-05-20,-15.0,-9.0,,-55.0,-43.0,15.0
Kent County,2020-05-21,-14.0,-2.0,,-52.0,-43.0,15.0
Kent County,2020-05-22,-17.0,-7.0,,-54.0,-43.0,15.0
Kent County,2020-05-23,-27.0,-14.0,55.0,-60.0,-27.0,10.0
Kent County,2020-05-24,-16.0,-11.0,189.0,-55.0,-18.0,3.0
Kent County,2020-05-25,-14.0,-17.0,,-64.0,-75.0,22.0
Kent County,2020-05-26,-13.0,-16.0,,-54.0,-42.0,15.0
Kent County,2020-05-27,-10.0,-9.0,,-49.0,-40.0,14.0
Kent County,2020-05-28,-13.0,-7.0,,-49.0,-41.0,16.0
Kent County,2020-05-29,-19.0,-14.0,,-56.0,-38.0,17.0
Kent County,2020-05-30,-14.0,-10.0,,-52.0,-13.0,6.0
Kent County,2020-05-31,-12.0,-9.0,193.0,-51.0,-7.0,4.0
Kent County,2020-06-01,-4.0,-9.0,,-54.0,-36.0,12.0
Kent County,2020-06-02,-11.0,-10.0,,-51.0,-39.0,14.0
Kent County,2020-06-03,-6.0,-4.0,,-49.0,-39.0,14.0
Kent County,2020-06-04,-3.0,0.0,,-45.0,-39.0,12.0
Kent County,2020-06-05,-12.0,-13.0,,-56.0,-38.0,14.0
Kent County,2020-06-06,-12.0,-16.0,,-57.0,-15.0,6.0
Kent County,2020-06-07,-7.0,-12.0,175.0,-53.0,-9.0,3.0
Kent County,2020-06-08,-5.0,-13.0,,-52.0,-35.0,11.0
Kent County,2020-06-09,-1.0,-13.0,,-48.0,-37.0,12.0
Kent County,2020-06-10,-2.0,-8.0,,-47.0,-38.0,12.0
Kent County,2020-06-11,-11.0,-7.0,70.0,-48.0,-38.0,15.0
Kent County,2020-06-12,-9.0,-10.0,,-51.0,-36.0,12.0
Kent County,2020-06-13,-8.0,-9.0,,-45.0,-12.0,3.0
Kent County,2020-06-14,-5.0,-10.0,,-43.0,-6.0,2.0
Kent County,2020-06-15,-2.0,-10.0,,-47.0,-36.0,11.0
Kent County,2020-06-16,3.0,-8.0,,-42.0,-37.0,11.0
Kent County,2020-06-17,0.0,-5.0,,-42.0,-37.0,11.0
Kent County,2020-06-18,1.0,1.0,,-42.0,-37.0,11.0
Kent County,2020-06-19,-7.0,-3.0,,-47.0,-37.0,10.0
Kent County,2020-06-20,-6.0,1.0,,-47.0,-12.0,2.0
Kent County,2020-06-21,-9.0,-3.0,,-44.0,-6.0,0.0
Kent County,2020-06-22,-4.0,-11.0,,-46.0,-37.0,10.0
Kent County,2020-06-23,2.0,-9.0,,-41.0,-38.0,11.0
Kent County,2020-06-24,-2.0,-6.0,,-43.0,-37.0,11.0
Kent County,2020-06-25,1.0,-1.0,,-38.0,-37.0,10.0
Kent County,2020-06-26,-9.0,-9.0,,-46.0,-37.0,11.0
Kent County,2020-06-27,-14.0,-13.0,,-46.0,-14.0,4.0
Kent County,2020-06-28,-8.0,-12.0,221.0,-39.0,-2.0,2.0
Kent County,2020-06-29,-5.0,-9.0,,-47.0,-35.0,11.0
Kent County,2020-06-30,1.0,-9.0,,-40.0,-37.0,12.0
Kent County,2020-07-01,2.0,5.0,,-43.0,-38.0,11.0
Kent County,2020-07-02,12.0,17.0,,-38.0,-39.0,9.0
Kent County,2020-07-03,2.0,19.0,,-46.0,-57.0,15.0
Kent County,2020-07-04,-31.0,-13.0,,-55.0,-33.0,2.0
Kent County,2020-07-05,-16.0,-15.0,,-45.0,-11.0,1.0
Kent County,2020-07-06,1.0,-5.0,,-45.0,-46.0,11.0
Kent County,2020-07-07,1.0,-6.0,,-40.0,-39.0,10.0
Kent County,2020-07-08,0.0,-3.0,,-43.0,-38.0,10.0
Kent County,2020-07-09,-1.0,2.0,,-39.0,-39.0,10.0
Kent County,2020-07-10,-11.0,-8.0,,-48.0,-38.0,13.0
Kent County,2020-07-11,-9.0,-10.0,,-45.0,-12.0,4.0
Kent County,2020-07-12,-10.0,-9.0,,-40.0,-7.0,1.0
Kent County,2020-07-13,-4.0,-9.0,,-47.0,-37.0,10.0
Kent County,2020-07-14,-1.0,-9.0,,-45.0,-39.0,10.0
Kent County,2020-07-15,0.0,-2.0,,-44.0,-37.0,9.0
Kent County,2020-07-16,3.0,4.0,,-39.0,-37.0,9.0
Kent County,2020-07-17,-10.0,-8.0,,-48.0,-38.0,12.0
Kent County,2020-07-18,-12.0,-10.0,,-44.0,-13.0,1.0
Kent County,2020-07-19,-10.0,-12.0,,-43.0,-8.0,0.0
Kent County,2020-07-20,-5.0,-10.0,,-47.0,-38.0,10.0
Kent County,2020-07-21,0.0,-7.0,,-42.0,-38.0,10.0
Kent County,2020-07-22,-3.0,-5.0,,-45.0,-37.0,10.0
Kent County,2020-07-23,-2.0,0.0,,-41.0,-36.0,10.0
Kent County,2020-07-24,-11.0,-7.0,,-48.0,-37.0,10.0
Kent County,2020-07-25,-13.0,-10.0,,-46.0,-14.0,2.0
Kent County,2020-07-26,-13.0,-10.0,237.0,-45.0,-7.0,1.0
Kent County,2020-07-27,-7.0,-9.0,,-47.0,-37.0,9.0
Newport County,2020-02-15,12.0,-6.0,54.0,,0.0,0.0
Newport County,2020-02-16,28.0,7.0,39.0,,0.0,
Newport County,2020-02-17,23.0,2.0,,-26.0,-40.0,8.0
Newport County,2020-02-18,5.0,-2.0,7.0,-27.0,-10.0,2.0
Newport County,2020-02-19,6.0,2.0,30.0,-13.0,-2.0,1.0
Newport County,2020-02-20,8.0,-2.0,22.0,-19.0,-4.0,0.0
Newport County,2020-02-21,8.0,-3.0,27.0,,0.0,2.0
Newport County,2020-02-22,19.0,6.0,96.0,,4.0,-1.0
Newport County,2020-02-23,25.0,8.0,68.0,,4.0,
Newport County,2020-02-24,7.0,4.0,45.0,,4.0,-1.0
Newport County,2020-02-25,7.0,7.0,7.0,-13.0,2.0,0.0
Newport County,2020-02-26,7.0,4.0,13.0,-9.0,6.0,0.0
Newport County,2020-02-27,11.0,-10.0,12.0,-19.0,2.0,0.0
Newport County,2020-02-28,11.0,4.0,9.0,,6.0,-1.0
Newport County,2020-02-29,17.0,2.0,47.0,,2.0,-2.0
Newport County,2020-03-01,14.0,11.0,5.0,,8.0,
Newport County,2020-03-02,12.0,3.0,25.0,-12.0,3.0,-1.0
Newport County,2020-03-03,12.0,7.0,41.0,-20.0,1.0,0.0
Newport County,2020-03-04,11.0,4.0,24.0,-7.0,5.0,-1.0
Newport County,2020-03-05,16.0,-6.0,46.0,,5.0,-1.0
Newport County,2020-03-06,9.0,-6.0,7.0,,7.0,0.0
Newport County,2020-03-07,11.0,2.0,33.0,,5.0,0.0
Newport County,2020-03-08,16.0,8.0,28.0,,6.0,
Newport County,2020-03-09,18.0,0.0,85.0,,3.0,0.0
Newport County,2020-03-10,11.0,8.0,36.0,-16.0,1.0,1.0
Newport County,2020-03-11,11.0,9.0,48.0,-11.0,2.0,0.0
Newport County,2020-03-12,14.0,12.0,32.0,,1.0,0.0
Newport County,2020-03-13,7.0,27.0,-14.0,-20.0,-1.0,4.0
Newport County,2020-03-14,13.0,19.0,64.0,,-6.0,3.0
Newport County,2020-03-15,2.0,17.0,37.0,,-4.0,
Newport County,2020-03-16,-1.0,20.0,17.0,-16.0,-21.0,8.0
Newport County,2020-03-17,-28.0,10.0,-14.0,-38.0,-30.0,14.0
Newport County,2020-03-18,-24.0,6.0,65.0,-24.0,-33.0,14.0
Newport County,2020-03-19,-36.0,-9.0,-32.0,-47.0,-40.0,18.0
Newport County,2020-03-20,-32.0,4.0,2.0,-34.0,-36.0,18.0
Newport County,2020-03-21,-37.0,-4.0,85.0,,-29.0,
Newport County,2020-03-22,-40.0,-11.0,20.0,,-34.0,
Newport County,2020-03-23,-40.0,-17.0,-30.0,-56.0,-43.0,18.0
Newport County,2020-03-24,-39.0,-14.0,39.0,-44.0,-46.0,19.0
Newport County,2020-03-25,-44.0,-17.0,-19.0,-42.0,-47.0,20.0
Newport County,2020-03-26,-38.0,-23.0,92.0,-37.0,-46.0,19.0
Newport County,2020-03-27,-39.0,-21.0,89.0,-24.0,-46.0,21.0
Newport County,2020-03-28,-44.0,-18.0,33.0,,-39.0,
Newport County,2020-03-29,-57.0,-32.0,-60.0,,-39.0,
Newport County,2020-03-30,-43.0,-29.0,-6.0,-44.0,-50.0,20.0
Newport County,2020-03-31,-40.0,-21.0,35.0,-47.0,-50.0,20.0
Newport County,2020-04-01,-42.0,-21.0,-8.0,-51.0,-50.0,20.0
Newport County,2020-04-02,-46.0,-28.0,-19.0,-51.0,-51.0,22.0
Newport County,2020-04-03,-52.0,-30.0,-59.0,-51.0,-50.0,26.0
Newport County,2020-04-04,-51.0,-23.0,-27.0,,-39.0,
Newport County,2020-04-05,-53.0,-25.0,-34.0,,-41.0,
Newport County,2020-04-06,-39.0,-27.0,42.0,-40.0,-53.0,19.0
Newport County,2020-04-07,-42.0,-16.0,34.0,-47.0,-52.0,20.0
Newport County,2020-04-08,-47.0,-26.0,-27.0,-53.0,-53.0,22.0
Newport County,2020-04-09,-48.0,-33.0,-34.0,-53.0,-54.0,23.0
Newport County,2020-04-10,-42.0,-15.0,-26.0,-41.0,-53.0,24.0
Newport County,2020-04-11,-43.0,-8.0,-1.0,,-40.0,
Newport County,2020-04-12,-61.0,-40.0,-24.0,,-44.0,
Newport County,2020-04-13,-57.0,-36.0,-52.0,-75.0,-56.0,23.0
Newport County,2020-04-14,-35.0,-9.0,43.0,-55.0,-49.0,19.0
Newport County,2020-04-15,-39.0,-14.0,-14.0,-58.0,-51.0,21.0
Newport County,2020-04-16,-40.0,-19.0,6.0,-52.0,-51.0,21.0
Newport County,2020-04-17,-38.0,-14.0,-8.0,-51.0,-47.0,22.0
Newport County,2020-04-18,-53.0,-20.0,-59.0,-61.0,-37.0,
Newport County,2020-04-19,-38.0,-14.0,-1.0,,-39.0,
Newport County,2020-04-20,-40.0,-20.0,9.0,-50.0,-51.0,19.0
Newport County,2020-04-21,-42.0,-17.0,-15.0,-60.0,-50.0,21.0
Newport County,2020-04-22,-39.0,-12.0,1.0,-56.0,-49.0,21.0
Newport County,2020-04-23,-39.0,-19.0,23.0,-50.0,-49.0,20.0
Newport County,2020-04-24,-46.0,-24.0,-42.0,-60.0,-50.0,25.0
Newport County,2020-04-25,-33.0,-8.0,72.0,,-33.0,
Newport County,2020-04-26,-50.0,-25.0,-65.0,-58.0,-42.0,
Newport County,2020-04-27,-42.0,-20.0,-29.0,-61.0,-51.0,21.0
Newport County,2020-04-28,-34.0,-13.0,30.0,-50.0,-48.0,14.0
Newport County,2020-04-29,-31.0,-14.0,40.0,-50.0,-49.0,19.0
Newport County,2020-04-30,-40.0,-20.0,-19.0,-54.0,-51.0,21.0
Newport County,2020-05-01,-36.0,-11.0,9.0,-35.0,-46.0,22.0
Newport County,2020-05-02,-25.0,0.0,78.0,,-31.0,
Newport County,2020-05-03,-22.0,2.0,38.0,,-30.0,
Newport County,2020-05-04,-27.0,-7.0,48.0,-31.0,-48.0,17.0
Newport County,2020-05-05,-25.0,2.0,60.0,-34.0,-47.0,17.0
Newport County,2020-05-06,-29.0,-6.0,23.0,-47.0,-46.0,18.0
Newport County,2020-05-07,-29.0,,65.0,-45.0,-47.0,18.0
Newport County,2020-05-08,-33.0,0.0,11.0,-32.0,-45.0,21.0
Newport County,2020-05-09,-33.0,10.0,-20.0,-48.0,-30.0,
Newport County,2020-05-10,-21.0,2.0,18.0,-33.0,-29.0,
Newport County,2020-05-11,-32.0,-11.0,30.0,-52.0,-44.0,18.0
Newport County,2020-05-12,-27.0,1.0,72.0,-37.0,-43.0,16.0
Newport County,2020-05-13,-25.0,-1.0,73.0,-37.0,-42.0,16.0
Newport County,2020-05-14,-22.0,-4.0,113.0,-31.0,-44.0,14.0
Newport County,2020-05-15,-23.0,-1.0,85.0,-30.0,-42.0,18.0
Newport County,2020-05-16,-12.0,8.0,181.0,-19.0,-24.0,
Newport County,2020-05-17,-14.0,-1.0,73.0,,-19.0,
Newport County,2020-05-18,-21.0,-7.0,68.0,-41.0,-41.0,16.0
Newport County,2020-05-19,-18.0,7.0,92.0,-41.0,-40.0,15.0
Newport County,2020-05-20,-14.0,5.0,109.0,-39.0,-40.0,15.0
Newport County,2020-05-21,-15.0,2.0,133.0,-46.0,-40.0,15.0
Newport County,2020-05-22,-5.0,14.0,210.0,-27.0,-40.0,16.0
Newport County,2020-05-23,-25.0,4.0,11.0,-58.0,-23.0,
Newport County,2020-05-24,16.0,16.0,191.0,,-17.0,
Newport County,2020-05-25,-5.0,2.0,,-47.0,-71.0,20.0
Newport County,2020-05-26,-10.0,11.0,,-34.0,-38.0,14.0
Newport County,2020-05-27,-6.0,7.0,170.0,-35.0,-37.0,14.0
Newport County,2020-05-28,-12.0,0.0,108.0,-44.0,-37.0,15.0
Newport County,2020-05-29,-20.0,-2.0,45.0,-39.0,-36.0,17.0
Newport County,2020-05-30,2.0,12.0,206.0,-8.0,-7.0,7.0
Newport County,2020-05-31,18.0,9.0,179.0,,-8.0,
Newport County,2020-06-01,1.0,11.0,,-36.0,-35.0,12.0
Newport County,2020-06-02,-4.0,14.0,114.0,-39.0,-36.0,12.0
Newport County,2020-06-03,-4.0,17.0,88.0,-37.0,-34.0,13.0
Newport County,2020-06-04,6.0,12.0,,-30.0,-35.0,11.0
Newport County,2020-06-05,-3.0,5.0,102.0,-23.0,-34.0,14.0
Newport County,2020-06-06,9.0,14.0,197.0,-20.0,-10.0,6.0
Newport County,2020-06-07,18.0,13.0,150.0,,-8.0,
Newport County,2020-06-08,6.0,6.0,,-31.0,-35.0,11.0
Newport County,2020-06-09,8.0,16.0,,-33.0,-35.0,11.0
Newport County,2020-06-10,6.0,12.0,,-24.0,-35.0,11.0
Newport County,2020-06-11,-6.0,-2.0,70.0,-27.0,-36.0,14.0
Newport County,2020-06-12,8.0,11.0,,15.0,-32.0,11.0
Newport County,2020-06-13,28.0,21.0,,,-3.0,3.0
Newport County,2020-06-14,37.0,16.0,265.0,,-4.0,
Newport County,2020-06-15,11.0,8.0,,-6.0,-35.0,10.0
Newport County,2020-06-16,13.0,17.0,,1.0,-33.0,9.0
Newport County,2020-06-17,13.0,16.0,,-7.0,-33.0,10.0
Newport County,2020-06-18,15.0,9.0,,-6.0,-34.0,9.0
Newport County,2020-06-19,17.0,18.0,,24.0,-32.0,9.0
Newport County,2020-06-20,36.0,27.0,,,-5.0,2.0
Newport County,2020-06-21,43.0,18.0,,,-1.0,
Newport County,2020-06-22,16.0,8.0,,,-36.0,9.0
Newport County,2020-06-23,19.0,19.0,,5.0,-36.0,10.0
Newport County,2020-06-24,14.0,15.0,,8.0,-32.0,10.0
Newport County,2020-06-25,19.0,10.0,,7.0,-32.0,8.0
Newport County,2020-06-26,14.0,14.0,,27.0,-31.0,9.0
Newport County,2020-06-27,15.0,7.0,237.0,,-6.0,4.0
Newport County,2020-06-28,38.0,16.0,,,-1.0,
Newport County,2020-06-29,14.0,9.0,,-27.0,-33.0,9.0
Newport County,2020-06-30,16.0,14.0,,-22.0,-33.0,9.0
Newport County,2020-07-01,17.0,21.0,,-25.0,-33.0,8.0
Newport County,2020-07-02,38.0,27.0,,3.0,-34.0,6.0
Newport County,2020-07-03,28.0,35.0,,21.0,-51.0,13.0
Newport County,2020-07-04,24.0,21.0,,,-19.0,2.0
Newport County,2020-07-05,40.0,10.0,,,1.0,
Newport County,2020-07-06,31.0,13.0,,,-40.0,9.0
Newport County,2020-07-07,23.0,22.0,,1.0,-34.0,8.0
Newport County,2020-07-08,19.0,20.0,,-11.0,-32.0,8.0
Newport County,2020-07-09,23.0,12.0,,-2.0,-34.0,7.0
Newport County,2020-07-10,5.0,13.0,177.0,-8.0,-31.0,11.0
Newport County,2020-07-11,23.0,19.0,296.0,,-3.0,3.0
Newport County,2020-07-12,48.0,17.0,,,5.0,
Newport County,2020-07-13,25.0,13.0,,-14.0,-34.0,8.0
Newport County,2020-07-14,18.0,22.0,,-13.0,-35.0,8.0
Newport County,2020-07-15,26.0,18.0,,-23.0,-30.0,8.0
Newport County,2020-07-16,27.0,14.0,,-13.0,-31.0,7.0
Newport County,2020-07-17,11.0,12.0,208.0,-16.0,-32.0,11.0
Newport County,2020-07-18,36.0,26.0,,,-2.0,1.0
Newport County,2020-07-19,45.0,19.0,,,0.0,
Newport County,2020-07-20,24.0,18.0,,,-34.0,8.0
Newport County,2020-07-21,25.0,26.0,,-21.0,-32.0,7.0
Newport County,2020-07-22,20.0,17.0,,-25.0,-31.0,8.0
Newport County,2020-07-23,18.0,12.0,,-26.0,-31.0,8.0
Newport County,2020-07-24,18.0,20.0,,-6.0,-28.0,9.0
Newport County,2020-07-25,36.0,21.0,,,-1.0,1.0
Newport County,2020-07-26,41.0,22.0,,,3.0,
Newport County,2020-07-27,29.0,21.0,,-24.0,-32.0,7.0
Providence County,2020-02-15,0.0,-6.0,3.0,-4.0,-3.0,0.0
Providence County,2020-02-16,8.0,-6.0,2.0,6.0,1.0,0.0
Providence County,2020-02-17,12.0,-6.0,68.0,-20.0,-30.0,7.0
Providence County,2020-02-18,0.0,-10.0,-22.0,-10.0,-9.0,3.0
Providence County,2020-02-19,5.0,-3.0,11.0,-1.0,-5.0,1.0
Providence County,2020-02-20,5.0,-5.0,-1.0,-3.0,-4.0,1.0
Providence County,2020-02-21,2.0,-6.0,-10.0,-5.0,-4.0,2.0
Providence County,2020-02-22,7.0,-5.0,90.0,0.0,1.0,-1.0
Providence County,2020-02-23,11.0,0.0,98.0,9.0,3.0,-1.0
Providence County,2020-02-24,8.0,0.0,102.0,2.0,4.0,-1.0
Providence County,2020-02-25,6.0,-3.0,19.0,4.0,3.0,0.0
Providence County,2020-02-26,11.0,1.0,6.0,1.0,2.0,-1.0
Providence County,2020-02-27,10.0,-2.0,2.0,-2.0,2.0,0.0
Providence County,2020-02-28,9.0,2.0,0.0,2.0,4.0,-1.0
Providence County,2020-02-29,6.0,-2.0,25.0,-4.0,1.0,-1.0
Providence County,2020-03-01,12.0,10.0,-8.0,4.0,4.0,-1.0
Providence County,2020-03-02,11.0,10.0,34.0,-5.0,3.0,-1.0
Providence County,2020-03-03,12.0,7.0,67.0,2.0,2.0,-1.0
Providence County,2020-03-04,11.0,6.0,18.0,-4.0,1.0,-1.0
Providence County,2020-03-05,10.0,5.0,60.0,1.0,2.0,-1.0
Providence County,2020-03-06,5.0,-1.0,10.0,-8.0,3.0,1.0
Providence County,2020-03-07,5.0,0.0,38.0,-10.0,1.0,-1.0
Providence County,2020-03-08,9.0,1.0,78.0,-3.0,3.0,-1.0
Providence County,2020-03-09,14.0,5.0,191.0,-5.0,2.0,-1.0
Providence County,2020-03-10,10.0,3.0,79.0,-6.0,1.0,0.0
Providence County,2020-03-11,8.0,6.0,64.0,-12.0,-3.0,1.0
Providence County,2020-03-12,6.0,22.0,36.0,-13.0,-1.0,1.0
Providence County,2020-03-13,-3.0,35.0,-12.0,-26.0,-3.0,4.0
Providence County,2020-03-14,-12.0,18.0,97.0,-23.0,-4.0,3.0
Providence County,2020-03-15,-16.0,6.0,80.0,-25.0,-5.0,4.0
Providence County,2020-03-16,-10.0,18.0,38.0,-40.0,-22.0,9.0
Providence County,2020-03-17,-32.0,2.0,-14.0,-50.0,-30.0,14.0
Providence County,2020-03-18,-30.0,2.0,87.0,-48.0,-32.0,13.0
Providence County,2020-03-19,-37.0,-4.0,-21.0,-57.0,-35.0,17.0
Providence County,2020-03-20,-34.0,9.0,53.0,-49.0,-34.0,17.0
Providence County,2020-03-21,-43.0,-1.0,126.0,-47.0,-25.0,11.0
Providence County,2020-03-22,-46.0,-15.0,47.0,-54.0,-28.0,11.0
Providence County,2020-03-23,-43.0,-17.0,-30.0,-62.0,-40.0,18.0
Providence County,2020-03-24,-41.0,-16.0,43.0,-58.0,-43.0,19.0
Providence County,2020-03-25,-45.0,-19.0,-12.0,-61.0,-45.0,20.0
Providence County,2020-03-26,-39.0,-14.0,116.0,-58.0,-45.0,19.0
Providence County,2020-03-27,-41.0,-14.0,105.0,-55.0,-44.0,21.0
Providence County,2020-03-28,-50.0,-18.0,88.0,-57.0,-35.0,14.0
Providence County,2020-03-29,-57.0,-29.0,-50.0,-65.0,-36.0,14.0
Providence County,2020-03-30,-46.0,-21.0,-10.0,-63.0,-47.0,20.0
Providence County,2020-03-31,-42.0,-20.0,49.0,-59.0,-49.0,21.0
Providence County,2020-04-01,-42.0,-9.0,1.0,-59.0,-49.0,21.0
Providence County,2020-04-02,-45.0,-13.0,-12.0,-63.0,-50.0,22.0
Providence County,2020-04-03,-50.0,-16.0,-50.0,-65.0,-50.0,26.0
Providence County,2020-04-04,-53.0,-15.0,39.0,-55.0,-40.0,16.0
Providence County,2020-04-05,-52.0,-23.0,15.0,-53.0,-37.0,13.0
Providence County,2020-04-06,-39.0,-16.0,76.0,-57.0,-49.0,20.0
Providence County,2020-04-07,-41.0,-18.0,62.0,-59.0,-51.0,21.0
Providence County,2020-04-08,-47.0,-19.0,-18.0,-66.0,-53.0,23.0
Providence County,2020-04-09,-50.0,-23.0,-32.0,-69.0,-54.0,24.0
Providence County,2020-04-10,-46.0,-11.0,-17.0,-65.0,-55.0,26.0
Providence County,2020-04-11,-48.0,-7.0,52.0,-56.0,-42.0,15.0
Providence County,2020-04-12,-63.0,-39.0,11.0,,-42.0,13.0
Providence County,2020-04-13,-56.0,-38.0,-54.0,-77.0,-54.0,24.0
Providence County,2020-04-14,-35.0,-13.0,52.0,-63.0,-51.0,20.0
Providence County,2020-04-15,-36.0,-12.0,6.0,-67.0,-51.0,21.0
Providence County,2020-04-16,-38.0,-14.0,8.0,-68.0,-51.0,22.0
Providence County,2020-04-17,-41.0,-14.0,-1.0,-68.0,-50.0,24.0
Providence County,2020-04-18,-57.0,-26.0,-37.0,-70.0,-43.0,18.0
Providence County,2020-04-19,-42.0,-21.0,53.0,,-36.0,11.0
Providence County,2020-04-20,-38.0,-20.0,2.0,-68.0,-51.0,21.0
Providence County,2020-04-21,-44.0,-26.0,-32.0,-71.0,-52.0,23.0
Providence County,2020-04-22,-39.0,-15.0,-20.0,-70.0,-51.0,21.0
Providence County,2020-04-23,-38.0,-15.0,15.0,-67.0,-51.0,21.0
Providence County,2020-04-24,-47.0,-22.0,-45.0,-73.0,-51.0,26.0
Providence County,2020-04-25,-42.0,-15.0,123.0,-57.0,-37.0,12.0
Providence County,2020-04-26,-50.0,-27.0,-44.0,-68.0,-38.0,13.0
Providence County,2020-04-27,-41.0,-24.0,-44.0,-72.0,-49.0,22.0
Providence County,2020-04-28,-33.0,-14.0,19.0,-66.0,-50.0,15.0
Providence County,2020-04-29,-31.0,-14.0,36.0,-63.0,-50.0,19.0
Providence County,2020-04-30,-39.0,-16.0,-23.0,-64.0,-51.0,22.0
Providence County,2020-05-01,-37.0,-8.0,5.0,-60.0,-49.0,23.0
Providence County,2020-05-02,-37.0,-8.0,129.0,-44.0,-34.0,11.0
Providence County,2020-05-03,-32.0,-11.0,90.0,,-30.0,8.0
Providence County,2020-05-04,-27.0,-13.0,32.0,-57.0,-47.0,18.0
Providence County,2020-05-05,-24.0,-7.0,46.0,-56.0,-47.0,18.0
Providence County,2020-05-06,-31.0,-10.0,6.0,-61.0,-48.0,19.0
Providence County,2020-05-07,-31.0,-8.0,52.0,-61.0,-48.0,19.0
Providence County,2020-05-08,-37.0,-11.0,-7.0,-62.0,-47.0,21.0
Providence County,2020-05-09,-39.0,1.0,17.0,-61.0,-34.0,13.0
Providence County,2020-05-10,-28.0,-3.0,52.0,-53.0,-27.0,8.0
Providence County,2020-05-11,-34.0,-19.0,10.0,-63.0,-45.0,18.0
Providence County,2020-05-12,-27.0,-10.0,58.0,-58.0,-45.0,17.0
Providence County,2020-05-13,-25.0,-8.0,62.0,-56.0,-45.0,17.0
Providence County,2020-05-14,-24.0,-8.0,122.0,-55.0,-45.0,14.0
Providence County,2020-05-15,-29.0,-10.0,93.0,-57.0,-44.0,19.0
Providence County,2020-05-16,-31.0,-6.0,,-49.0,-30.0,8.0
Providence County,2020-05-17,-29.0,-12.0,94.0,-52.0,-25.0,8.0
Providence County,2020-05-18,-25.0,-12.0,56.0,-58.0,-42.0,16.0
Providence County,2020-05-19,-20.0,-8.0,88.0,-54.0,-43.0,16.0
Providence County,2020-05-20,-19.0,-5.0,111.0,-54.0,-43.0,15.0
Providence County,2020-05-21,-20.0,-5.0,125.0,-53.0,-44.0,16.0
Providence County,2020-05-22,-23.0,-4.0,124.0,-52.0,-43.0,16.0
Providence County,2020-05-23,-36.0,-8.0,43.0,-57.0,-29.0,11.0
Providence County,2020-05-24,-20.0,-6.0,164.0,-43.0,-23.0,4.0
Providence County,2020-05-25,-24.0,-13.0,116.0,-66.0,-73.0,22.0
Providence County,2020-05-26,-19.0,-10.0,114.0,-50.0,-42.0,14.0
Providence County,2020-05-27,-16.0,-5.0,109.0,-49.0,-41.0,14.0
Providence County,2020-05-28,-20.0,-6.0,72.0,-52.0,-41.0,15.0
Providence County,2020-05-29,-24.0,-9.0,62.0,-53.0,-39.0,17.0
Providence County,2020-05-30,-25.0,-5.0,,-38.0,-19.0,7.0
Providence County,2020-05-31,-18.0,-5.0,124.0,-42.0,-15.0,5.0
Providence County,2020-06-01,-8.0,0.0,100.0,-42.0,-37.0,12.0
Providence County,2020-06-02,-12.0,-4.0,105.0,-42.0,-39.0,13.0
Providence County,2020-06-03,-11.0,-1.0,87.0,-48.0,-39.0,13.0
Providence County,2020-06-04,-12.0,-2.0,129.0,-45.0,-39.0,13.0
Providence County,2020-06-05,-19.0,-7.0,78.0,-36.0,-39.0,15.0
Providence County,2020-06-06,-24.0,-7.0,133.0,-42.0,-21.0,7.0
Providence County,2020-06-07,-15.0,-4.0,113.0,-39.0,-16.0,5.0
Providence County,2020-06-08,-7.0,-5.0,148.0,-41.0,-36.0,11.0
Providence County,2020-06-09,-6.0,-4.0,119.0,-43.0,-37.0,11.0
Providence County,2020-06-10,-7.0,-4.0,116.0,-43.0,-38.0,11.0
Providence County,2020-06-11,-15.0,-9.0,26.0,-47.0,-38.0,14.0
Providence County,2020-06-12,-14.0,-5.0,138.0,-43.0,-36.0,12.0
Providence County,2020-06-13,-19.0,-5.0,,-32.0,-16.0,3.0
Providence County,2020-06-14,-11.0,-8.0,168.0,-28.0,-13.0,3.0
Providence County,2020-06-15,-6.0,-5.0,135.0,-41.0,-36.0,10.0
Providence County,2020-06-16,-2.0,-4.0,156.0,-38.0,-37.0,10.0
Providence County,2020-06-17,-5.0,-3.0,149.0,-42.0,-37.0,10.0
Providence County,2020-06-18,-5.0,-3.0,160.0,-42.0,-37.0,10.0
Providence County,2020-06-19,-11.0,-3.0,132.0,-44.0,-37.0,10.0
Providence County,2020-06-20,-17.0,1.0,222.0,-35.0,-17.0,2.0
Providence County,2020-06-21,-12.0,-2.0,124.0,-32.0,-11.0,0.0
Providence County,2020-06-22,-7.0,-10.0,129.0,-44.0,-39.0,10.0
Providence County,2020-06-23,-4.0,-4.0,137.0,-41.0,-38.0,10.0
Providence County,2020-06-24,-7.0,-6.0,105.0,-44.0,-37.0,11.0
Providence County,2020-06-25,-5.0,-4.0,167.0,-42.0,-37.0,10.0
Providence County,2020-06-26,-12.0,-6.0,132.0,-44.0,-36.0,10.0
Providence County,2020-06-27,-23.0,-11.0,129.0,-39.0,-19.0,5.0
Providence County,2020-06-28,-15.0,-10.0,111.0,-37.0,-11.0,3.0
Providence County,2020-06-29,-7.0,-8.0,87.0,-45.0,-37.0,11.0
Providence County,2020-06-30,-3.0,-5.0,78.0,-43.0,-38.0,11.0
Providence County,2020-07-01,-2.0,3.0,73.0,-43.0,-38.0,10.0
Providence County,2020-07-02,6.0,7.0,185.0,-38.0,-40.0,8.0
Providence County,2020-07-03,-5.0,15.0,131.0,-42.0,-58.0,15.0
Providence County,2020-07-04,-37.0,-12.0,,-43.0,-36.0,2.0
Providence County,2020-07-05,-18.0,-14.0,142.0,-27.0,-18.0,1.0
Providence County,2020-07-06,-3.0,-5.0,184.0,-44.0,-44.0,10.0
Providence County,2020-07-07,-4.0,-4.0,156.0,-43.0,-40.0,9.0
Providence County,2020-07-08,-4.0,-2.0,130.0,-43.0,-38.0,10.0
Providence County,2020-07-09,-6.0,-5.0,168.0,-43.0,-38.0,9.0
Providence County,2020-07-10,-14.0,-6.0,82.0,-48.0,-38.0,12.0
Providence County,2020-07-11,-18.0,-7.0,,-35.0,-17.0,3.0
Providence County,2020-07-12,-13.0,-9.0,146.0,-30.0,-13.0,1.0
Providence County,2020-07-13,-5.0,-6.0,124.0,-45.0,-38.0,9.0
Providence County,2020-07-14,-6.0,-8.0,86.0,-42.0,-38.0,10.0
Providence County,2020-07-15,-4.0,-3.0,135.0,-40.0,-37.0,9.0
Providence County,2020-07-16,-4.0,-3.0,183.0,-39.0,-37.0,9.0
Providence County,2020-07-17,-15.0,-8.0,80.0,-44.0,-37.0,11.0
Providence County,2020-07-18,-18.0,-8.0,,-29.0,-17.0,1.0
Providence County,2020-07-19,-15.0,-11.0,132.0,-30.0,-14.0,1.0
Providence County,2020-07-20,-6.0,-9.0,,-42.0,-38.0,9.0
Providence County,2020-07-21,-3.0,-6.0,143.0,-41.0,-38.0,9.0
Providence County,2020-07-22,-5.0,-6.0,116.0,-43.0,-37.0,9.0
Providence County,2020-07-23,-6.0,-6.0,123.0,-42.0,-36.0,10.0
Providence County,2020-07-24,-11.0,-7.0,138.0,-43.0,-36.0,9.0
Providence County,2020-07-25,-18.0,-7.0,258.0,-31.0,-17.0,1.0
Providence County,2020-07-26,-13.0,-9.0,148.0,-25.0,-12.0,1.0
Providence County,2020-07-27,-7.0,-9.0,,-45.0,-38.0,9.0
Washington County,2020-02-15,4.0,-3.0,8.0,,5.0,0.0
Washington County,2020-02-16,6.0,1.0,-8.0,,1.0,-1.0
Washington County,2020-02-17,11.0,0.0,80.0,,-30.0,5.0
Washington County,2020-02-18,1.0,0.0,-13.0,,-5.0,2.0
Washington County,2020-02-19,3.0,-2.0,17.0,-2.0,-3.0,0.0
Washington County,2020-02-20,2.0,-3.0,4.0,9.0,-1.0,1.0
Washington County,2020-02-21,4.0,0.0,1.0,6.0,1.0,1.0
Washington County,2020-02-22,7.0,0.0,87.0,,6.0,-1.0
Washington County,2020-02-23,13.0,2.0,80.0,,3.0,-2.0
Washington County,2020-02-24,7.0,1.0,67.0,,4.0,-1.0
Washington County,2020-02-25,4.0,3.0,4.0,,2.0,0.0
Washington County,2020-02-26,4.0,2.0,8.0,-8.0,2.0,0.0
Washington County,2020-02-27,5.0,2.0,3.0,7.0,2.0,0.0
Washington County,2020-02-28,5.0,-1.0,-1.0,16.0,4.0,0.0
Washington County,2020-02-29,11.0,0.0,25.0,,7.0,-2.0
Washington County,2020-03-01,14.0,8.0,-21.0,,10.0,-2.0
Washington County,2020-03-02,6.0,6.0,17.0,,5.0,-1.0
Washington County,2020-03-03,7.0,5.0,49.0,,3.0,-1.0
Washington County,2020-03-04,7.0,7.0,24.0,10.0,2.0,-1.0
Washington County,2020-03-05,6.0,9.0,53.0,,3.0,-1.0
Washington County,2020-03-06,3.0,1.0,0.0,12.0,3.0,1.0
Washington County,2020-03-07,3.0,-2.0,52.0,,3.0,0.0
Washington County,2020-03-08,12.0,-2.0,44.0,,3.0,-1.0
Washington County,2020-03-09,11.0,5.0,111.0,,2.0,-1.0
Washington County,2020-03-10,5.0,3.0,37.0,,0.0,1.0
Washington County,2020-03-11,4.0,1.0,54.0,2.0,-3.0,0.0
Washington County,2020-03-12,7.0,19.0,25.0,9.0,-3.0,1.0
Washington County,2020-03-13,2.0,22.0,1.0,-10.0,-3.0,4.0
Washington County,2020-03-14,-1.0,21.0,136.0,,-1.0,4.0
Washington County,2020-03-15,-8.0,10.0,67.0,,-7.0,5.0
Washington County,2020-03-16,-4.0,22.0,31.0,-5.0,-24.0,9.0
Washington County,2020-03-17,-29.0,3.0,-1.0,,-32.0,15.0
Washington County,2020-03-18,-25.0,1.0,,-12.0,-35.0,14.0
Washington County,2020-03-19,-34.0,-3.0,-1.0,-24.0,-38.0,18.0
Washington County,2020-03-20,-28.0,3.0,69.0,-24.0,-37.0,19.0
Washington County,2020-03-21,-31.0,-4.0,,,-24.0,11.0
Washington County,2020-03-22,-35.0,-16.0,63.0,,-31.0,
Washington County,2020-03-23,-39.0,-21.0,-29.0,-23.0,-42.0,19.0
Washington County,2020-03-24,-35.0,-18.0,93.0,,-45.0,19.0
Washington County,2020-03-25,-40.0,-22.0,6.0,-43.0,-46.0,20.0
Washington County,2020-03-26,-33.0,-11.0,,-15.0,-46.0,19.0
Washington County,2020-03-27,-34.0,-15.0,,-8.0,-44.0,21.0
Washington County,2020-03-28,-38.0,-18.0,,,-31.0,13.0
Washington County,2020-03-29,-53.0,-34.0,-59.0,,-40.0,
Washington County,2020-03-30,-43.0,-24.0,10.0,-32.0,-45.0,20.0
Washington County,2020-03-31,-41.0,-22.0,63.0,-25.0,-48.0,21.0
Washington County,2020-04-01,-42.0,-21.0,34.0,-43.0,-49.0,21.0
Washington County,2020-04-02,-41.0,-25.0,15.0,-33.0,-50.0,22.0
Washington County,2020-04-03,-46.0,-21.0,-31.0,-48.0,-50.0,26.0
Washington County,2020-04-04,-48.0,-27.0,47.0,,-34.0,15.0
Washington County,2020-04-05,-48.0,-34.0,-3.0,,-36.0,
Washington County,2020-04-06,-39.0,-22.0,83.0,-36.0,-49.0,19.0
Washington County,2020-04-07,-38.0,-22.0,87.0,-25.0,-52.0,21.0
Washington County,2020-04-08,-46.0,-26.0,15.0,-41.0,-51.0,22.0
Washington County,2020-04-09,-47.0,-28.0,-24.0,-52.0,-53.0,24.0
Washington County,2020-04-10,-39.0,-10.0,27.0,-40.0,-54.0,25.0
Washington County,2020-04-11,-39.0,-7.0,91.0,,-33.0,14.0
Washington County,2020-04-12,-64.0,-56.0,28.0,,-44.0,
Washington County,2020-04-13,-56.0,-39.0,-49.0,-65.0,-54.0,24.0
Washington County,2020-04-14,-34.0,-20.0,91.0,-27.0,-50.0,20.0
Washington County,2020-04-15,-37.0,-23.0,46.0,-48.0,-51.0,22.0
Washington County,2020-04-16,-38.0,-20.0,54.0,-26.0,-50.0,22.0
Washington County,2020-04-17,-36.0,-21.0,57.0,-42.0,-47.0,23.0
Washington County,2020-04-18,-49.0,-29.0,-15.0,-50.0,-35.0,16.0
Washington County,2020-04-19,-34.0,-27.0,66.0,,-35.0,
Washington County,2020-04-20,-37.0,-25.0,32.0,-33.0,-48.0,20.0
Washington County,2020-04-21,-41.0,-25.0,-12.0,-44.0,-50.0,22.0
Washington County,2020-04-22,-37.0,-19.0,38.0,-44.0,-50.0,21.0
Washington County,2020-04-23,-36.0,-19.0,47.0,-36.0,-49.0,21.0
Washington County,2020-04-24,-43.0,-24.0,-23.0,-48.0,-50.0,26.0
Washington County,2020-04-25,-27.0,-17.0,,,-30.0,11.0
Washington County,2020-04-26,-47.0,-28.0,-41.0,,-38.0,
Washington County,2020-04-27,-38.0,-24.0,-21.0,-44.0,-48.0,20.0
Washington County,2020-04-28,-31.0,-17.0,74.0,-23.0,-48.0,14.0
Washington County,2020-04-29,-31.0,-21.0,95.0,-31.0,-49.0,19.0
Washington County,2020-04-30,-40.0,-24.0,-14.0,-48.0,-49.0,23.0
Washington County,2020-05-01,-33.0,-15.0,82.0,-37.0,-46.0,22.0
Washington County,2020-05-02,-25.0,-14.0,,,-26.0,10.0
Washington County,2020-05-03,-16.0,-12.0,124.0,,-27.0,
Washington County,2020-05-04,-24.0,-16.0,82.0,-27.0,-44.0,17.0
Washington County,2020-05-05,-23.0,-10.0,105.0,-9.0,-46.0,18.0
Washington County,2020-05-06,-28.0,-17.0,57.0,-29.0,-47.0,19.0
Washington County,2020-05-07,-26.0,-14.0,114.0,-12.0,-46.0,18.0
Washington County,2020-05-08,-31.0,-10.0,42.0,-42.0,-45.0,21.0
Washington County,2020-05-09,-23.0,1.0,51.0,,-26.0,12.0
Washington County,2020-05-10,-19.0,-11.0,47.0,,-26.0,
Washington County,2020-05-11,-31.0,-23.0,24.0,-26.0,-43.0,18.0
Washington County,2020-05-12,-24.0,-10.0,97.0,-22.0,-44.0,17.0
Washington County,2020-05-13,-25.0,-14.0,111.0,-14.0,-44.0,17.0
Washington County,2020-05-14,-19.0,-10.0,,1.0,-44.0,17.0
Washington County,2020-05-15,-19.0,-11.0,,-18.0,-43.0,18.0
Washington County,2020-05-16,-9.0,-8.0,,,-23.0,8.0
Washington County,2020-05-17,-12.0,-10.0,98.0,,-20.0,7.0
Washington County,2020-05-18,-19.0,-14.0,94.0,-7.0,-40.0,15.0
Washington County,2020-05-19,-16.0,-8.0,,-13.0,-41.0,16.0
Washington County,2020-05-20,-13.0,-9.0,,,-41.0,15.0
Washington County,2020-05-21,-11.0,-5.0,,-5.0,-42.0,16.0
Washington County,2020-05-22,-1.0,3.0,,18.0,-41.0,16.0
Washington County,2020-05-23,-19.0,-4.0,66.0,,-19.0,11.0
Washington County,2020-05-24,8.0,-1.0,,,-18.0,5.0
Washington County,2020-05-25,-4.0,-13.0,,-5.0,-72.0,20.0
Washington County,2020-05-26,-8.0,-6.0,,10.0,-40.0,14.0
Washington County,2020-05-27,-7.0,-5.0,,,-39.0,14.0
Washington County,2020-05-28,-14.0,-5.0,,7.0,-40.0,16.0
Washington County,2020-05-29,-17.0,-5.0,83.0,-11.0,-38.0,18.0
Washington County,2020-05-30,-1.0,-3.0,,,-5.0,6.0
Washington County,2020-05-31,13.0,-1.0,,,-6.0,4.0
Washington County,2020-06-01,1.0,-1.0,,12.0,-33.0,12.0
Washington County,2020-06-02,-3.0,-2.0,,13.0,-34.0,13.0
Washington County,2020-06-03,-7.0,-2.0,,3.0,-35.0,13.0
Washington County,2020-06-04,8.0,5.0,,31.0,-36.0,12.0
Washington County,2020-06-05,-3.0,1.0,,7.0,-35.0,15.0
Washington County,2020-06-06,5.0,4.0,,,-5.0,6.0
Washington County,2020-06-07,16.0,3.0,,,-6.0,4.0
Washington County,2020-06-08,11.0,1.0,,27.0,-32.0,10.0
Washington County,2020-06-09,10.0,8.0,,,-35.0,12.0
Washington County,2020-06-10,4.0,3.0,,,-35.0,11.0
Washington County,2020-06-11,-9.0,-8.0,84.0,-2.0,-36.0,14.0
Washington County,2020-06-12,12.0,8.0,,54.0,-32.0,11.0
Washington County,2020-06-13,26.0,10.0,,,-4.0,3.0
Washington County,2020-06-14,29.0,5.0,354.0,,-3.0,2.0
Washington County,2020-06-15,10.0,5.0,,,-32.0,10.0
Washington County,2020-06-16,12.0,5.0,,,-34.0,11.0
Washington County,2020-06-17,12.0,7.0,,,-34.0,10.0
Washington County,2020-06-18,17.0,9.0,,,-33.0,10.0
Washington County,2020-06-19,23.0,15.0,,,-34.0,10.0
Washington County,2020-06-20,39.0,24.0,,,-1.0,1.0
Washington County,2020-06-21,39.0,18.0,,,-4.0,0.0
Washington County,2020-06-22,19.0,6.0,,,-34.0,9.0
Washington County,2020-06-23,20.0,11.0,,,-35.0,10.0
Washington County,2020-06-24,13.0,7.0,,,-33.0,10.0
Washington County,2020-06-25,23.0,12.0,,,-33.0,9.0
Washington County,2020-06-26,22.0,15.0,,,-33.0,10.0
Washington County,2020-06-27,14.0,5.0,,,0.0,4.0
Washington County,2020-06-28,29.0,11.0,,,7.0,1.0
Washington County,2020-06-29,16.0,7.0,,,-33.0,10.0
Washington County,2020-06-30,16.0,12.0,,,-33.0,10.0
Washington County,2020-07-01,16.0,12.0,,,-33.0,10.0
Washington County,2020-07-02,43.0,31.0,,,-34.0,7.0
Washington County,2020-07-03,36.0,41.0,,,-52.0,15.0
Washington County,2020-07-04,17.0,13.0,,,-15.0,2.0
Washington County,2020-07-05,41.0,13.0,,,-2.0,0.0
Washington County,2020-07-06,43.0,18.0,,,-40.0,9.0
Washington County,2020-07-07,28.0,20.0,,,-35.0,10.0
Washington County,2020-07-08,21.0,16.0,,,-34.0,9.0
Washington County,2020-07-09,30.0,19.0,,,-34.0,9.0
Washington County,2020-07-10,11.0,12.0,,55.0,-33.0,12.0
Washington County,2020-07-11,23.0,12.0,,,3.0,4.0
Washington County,2020-07-12,55.0,24.0,,,3.0,0.0
Washington County,2020-07-13,30.0,15.0,,,-32.0,8.0
Washington County,2020-07-14,21.0,17.0,,,-33.0,9.0
Washington County,2020-07-15,26.0,15.0,,,-31.0,9.0
Washington County,2020-07-16,30.0,19.0,,,-33.0,8.0
Washington County,2020-07-17,17.0,16.0,,,-32.0,11.0
Washington County,2020-07-18,37.0,21.0,,,5.0,1.0
Washington County,2020-07-19,46.0,19.0,,,5.0,0.0
Washington County,2020-07-20,32.0,19.0,,,-33.0,9.0
Washington County,2020-07-21,33.0,18.0,,,-33.0,9.0
Washington County,2020-07-22,21.0,16.0,,,-32.0,10.0
Washington County,2020-07-23,23.0,17.0,,,-32.0,9.0
Washington County,2020-07-24,23.0,17.0,,,-31.0,10.0
Washington County,2020-07-25,35.0,20.0,,,4.0,1.0
Washington County,2020-07-26,43.0,15.0,,,7.0,0.0
Washington County,2020-07-27,39.0,18.0,,,-33.0,8.0
